optimizer,activation,architecture,training_loss,training_accuracy,training_mae,training_mse,test_loss,test_accuracy,test_mae,test_mse,label,keywords
Adam,relu,LeNet5,"[2.213409841918945, 1.993585729598999, 1.8833699296951294, 1.806791907119751, 1.7561994432449342, 1.702194201850891, 1.6587067651748657, 1.6381876388549805, 1.6041954147338868, 1.5743830228805542, 1.5501918264389039, 1.5297703903198243, 1.514284042930603, 1.4962952239990235, 1.4764345672607422]","[0.1801, 0.26985, 0.31355, 0.3469, 0.3656, 0.38655, 0.40105, 0.40955, 0.4194, 0.4315, 0.438, 0.4469, 0.4527, 0.4574, 0.4651]","[0.1775463, 0.16774614, 0.1626083, 0.15795039, 0.15533023, 0.15258874, 0.14962591, 0.14801602, 0.14597969, 0.14412679, 0.1423815, 0.14069389, 0.13990745, 0.13844404, 0.1371275]","[0.1775463, 0.16774614, 0.1626083, 0.15795039, 0.15533023, 0.15258874, 0.14962591, 0.14801602, 0.14597969, 0.14412679, 0.1423815, 0.14069389, 0.13990745, 0.13844404, 0.1371275]",1.495281732,0.46725,0.13614096,0.06748369,milestone-experiments2,benchmark_testing
Adam,selu,LeNet5,"[2.1652354921340944, 1.8671136337280274, 1.7395024501800538, 1.657804384803772, 1.5885157732009887, 1.5359897813796997, 1.4890412467956542, 1.4443139667510987, 1.424908664894104, 1.3974693674087524, 1.3610224327087401, 1.3396763275146484, 1.3179602390289307, 1.303228840827942, 1.2853275424957276]","[0.2202, 0.3392, 0.3904, 0.4192, 0.44205, 0.45985, 0.47665, 0.49255, 0.4981, 0.50875, 0.52125, 0.53325, 0.5416, 0.5449, 0.5481]","[0.1740393, 0.15974203, 0.15260403, 0.14777811, 0.14318994, 0.13937275, 0.13660683, 0.13318296, 0.1309725, 0.12927566, 0.12650928, 0.12496279, 0.12309403, 0.12162557, 0.12055032]","[0.1740393, 0.15974203, 0.15260403, 0.14777811, 0.14318994, 0.13937275, 0.13660683, 0.13318296, 0.1309725, 0.12927566, 0.12650928, 0.12496279, 0.12309403, 0.12162557, 0.12055032]",1.396544515,0.51025,0.12371794,0.06297617,milestone-experiments2,benchmark_testing
Adam,tanh,LeNet5,"[2.128227571105957, 1.8873618837356567, 1.7610753793716432, 1.6840135732650756, 1.632246148300171, 1.5796904516220094, 1.5447693126678468, 1.4991842485427855, 1.4643853651046752, 1.4341226608276367, 1.4107792697906494, 1.3909778869628906, 1.3747048212051391, 1.3624097652435303, 1.3401215789794922]","[0.22535, 0.32825, 0.37515, 0.40325, 0.4193, 0.43565, 0.4487, 0.4617, 0.4788, 0.4875, 0.4955, 0.5025, 0.5102, 0.5147, 0.5234]","[0.17362468, 0.16149643, 0.15542674, 0.149782, 0.14613633, 0.14329746, 0.14059445, 0.13784198, 0.13488682, 0.13329454, 0.13106966, 0.12946188, 0.12814651, 0.12696174, 0.12560058]","[0.17362468, 0.16149643, 0.15542674, 0.149782, 0.14613633, 0.14329746, 0.14059445, 0.13784198, 0.13488682, 0.13329454, 0.13106966, 0.12946188, 0.12814651, 0.12696174, 0.12560058]",1.405097709,0.49675,0.12731057,0.063835494,milestone-experiments2,benchmark_testing
NAdam,relu,LeNet5,"[2.245633673095703, 2.063120506477356, 1.9315144886016846, 1.853452128791809, 1.7938693485260009, 1.7492237520217895, 1.7004378768920898, 1.664543822669983, 1.6430895559310914, 1.6294862190246582, 1.5843237859725952, 1.5729323846817016, 1.5314736085891723, 1.5354598342895507, 1.489828719139099]","[0.1594, 0.2589, 0.31355, 0.3427, 0.36255, 0.3796, 0.3969, 0.4093, 0.4142, 0.4241, 0.43705, 0.43885, 0.45655, 0.453, 0.47135]","[0.17820409, 0.17082998, 0.1642084, 0.15963386, 0.1559682, 0.15320942, 0.15055484, 0.14838994, 0.14656422, 0.14583062, 0.1430176, 0.14172953, 0.13973767, 0.13929622, 0.13645908]","[0.17820409, 0.17082998, 0.1642084, 0.15963386, 0.1559682, 0.15320942, 0.15055484, 0.14838994, 0.14656422, 0.14583062, 0.1430176, 0.14172953, 0.13973767, 0.13929622, 0.13645908]",1.666202874,0.43025,0.14241391,0.07141817,milestone-experiments2,benchmark_testing
NAdam,selu,LeNet5,"[2.1490232118606567, 1.8897962371826171, 1.7541440298080444, 1.6820657518386841, 1.6309887142181396, 1.5755616149902343, 1.5381583801269532, 1.5076130990982055, 1.4724669553756713, 1.4433284008026124, 1.4226978576660156, 1.3961334266662597, 1.3775026550292968, 1.3735237922668457, 1.3325809772491455]","[0.224, 0.33925, 0.38565, 0.40555, 0.4292, 0.44505, 0.4553, 0.47085, 0.48305, 0.49295, 0.49935, 0.50725, 0.51475, 0.5159, 0.5336]","[0.1738777, 0.16114074, 0.15324245, 0.14880104, 0.14532392, 0.14195167, 0.13891207, 0.13695216, 0.13446872, 0.13223088, 0.1306613, 0.12864862, 0.12701723, 0.12645745, 0.12390611]","[0.1738777, 0.16114074, 0.15324245, 0.14880104, 0.14532392, 0.14195167, 0.13891207, 0.13695216, 0.13446872, 0.13223088, 0.1306613, 0.12864862, 0.12701723, 0.12645745, 0.12390611]",1.461501027,0.49,0.12779595,0.065183885,milestone-experiments2,benchmark_testing
NAdam,tanh,LeNet5,"[2.1764263290405275, 1.9485683643341065, 1.8406568466186524, 1.7676382633209229, 1.7073548370361329, 1.6562228263854981, 1.5879478580474853, 1.5591122261047363, 1.4937920881271363, 1.5061999324798585, 1.4409240751266479, 1.4090237003326416, 1.4078448574066162, 1.3801710321426393, 1.3602568620681763]","[0.2131, 0.3147, 0.34695, 0.37965, 0.39975, 0.41825, 0.4357, 0.4533, 0.4728, 0.46835, 0.49425, 0.50285, 0.50115, 0.5112, 0.5199]","[0.17588192, 0.16524655, 0.15869275, 0.15462273, 0.15123315, 0.14772935, 0.14380758, 0.14117393, 0.13729621, 0.13646282, 0.13316871, 0.13060841, 0.12981573, 0.12779802, 0.12633741]","[0.17588192, 0.16524655, 0.15869275, 0.15462273, 0.15123315, 0.14772935, 0.14380758, 0.14117393, 0.13729621, 0.13646282, 0.13316871, 0.13060841, 0.12981573, 0.12779802, 0.12633741]",1.397530928,0.50875,0.12737668,0.063271016,milestone-experiments2,benchmark_testing
RAdam,relu,LeNet5,"[2.2964057872772217, 2.172538103866577, 1.9711820499420165, 1.8678182735443116, 1.7821707454681397, 1.7043730430603028, 1.6619087797164918, 1.6014872114181518, 1.5610261548995972, 1.5428825992584227, 1.5092718170166015, 1.4972068473815918, 1.4700166500091554, 1.4519362279891967, 1.4274857608795166]","[0.11285, 0.23435, 0.27915, 0.3237, 0.36235, 0.38555, 0.4029, 0.42475, 0.4381, 0.4424, 0.459, 0.46245, 0.4719, 0.4769, 0.48715]","[0.17984182, 0.17622149, 0.16600442, 0.16136688, 0.15630883, 0.1520349, 0.14871402, 0.145362, 0.1421708, 0.14113526, 0.1385896, 0.13747767, 0.13570285, 0.13457528, 0.13228466]","[0.17984182, 0.17622149, 0.16600442, 0.16136688, 0.15630883, 0.1520349, 0.14871402, 0.145362, 0.1421708, 0.14113526, 0.1385896, 0.13747767, 0.13570285, 0.13457528, 0.13228466]",1.468685219,0.47075,0.13353209,0.0664112,milestone-experiments2,benchmark_testing
RAdam,selu,LeNet5,"[2.242943359375, 1.9246742225646973, 1.759975165939331, 1.6656943494796752, 1.5864809215545654, 1.5181746620178223, 1.4489954082489014, 1.4056094394683838, 1.3637462886810303, 1.324231848526001, 1.3058864082336425, 1.2950347951889039, 1.261221101951599, 1.2485284093856812, 1.2260452625274658]","[0.1736, 0.31965, 0.37825, 0.41725, 0.4413, 0.4648, 0.49025, 0.5077, 0.52265, 0.5318, 0.53765, 0.5442, 0.55665, 0.5587, 0.56745]","[0.17816216, 0.16391228, 0.15359156, 0.14772803, 0.14276986, 0.13847817, 0.1331979, 0.12926833, 0.12662247, 0.12318388, 0.12156669, 0.12038932, 0.1180265, 0.116397806, 0.11479901]","[0.17816216, 0.16391228, 0.15359156, 0.14772803, 0.14276986, 0.13847817, 0.1331979, 0.12926833, 0.12662247, 0.12318388, 0.12156669, 0.12038932, 0.1180265, 0.116397806, 0.11479901]",1.381527219,0.51775,0.1201302,0.06312612,milestone-experiments2,benchmark_testing
RAdam,tanh,LeNet5,"[2.2881069190979004, 2.0799747262954713, 1.8810801027297974, 1.772636265563965, 1.6924866426467895, 1.6348611394882202, 1.5819715198516846, 1.5359092929840088, 1.4881002330780029, 1.4486703031539916, 1.4167227668762208, 1.3883283088684082, 1.3483626880645752, 1.3222322032928466, 1.3053844535827637]","[0.128, 0.26755, 0.3261, 0.37285, 0.39965, 0.4204, 0.4391, 0.45485, 0.4712, 0.48855, 0.4958, 0.5118, 0.5264, 0.5384, 0.5424]","[0.17945041, 0.1729419, 0.16103242, 0.15579544, 0.15058705, 0.14627674, 0.1424818, 0.13943115, 0.13579272, 0.13282602, 0.13000678, 0.12762778, 0.12509708, 0.12247599, 0.12062109]","[0.17945041, 0.1729419, 0.16103242, 0.15579544, 0.15058705, 0.14627674, 0.1424818, 0.13943115, 0.13579272, 0.13282602, 0.13000678, 0.12762778, 0.12509708, 0.12247599, 0.12062109]",1.405478497,0.50025,0.1243015,0.06358857,milestone-experiments2,benchmark_testing
SGD,relu,LeNet5,"[2.3051504753112795, 2.3004466091156006, 2.296757766723633, 2.2929889972686768, 2.2887040740966795, 2.283941213989258, 2.2788112552642823, 2.273086820602417, 2.2662245216369628, 2.257964942932129, 2.248262901687622, 2.2373698387145997, 2.2259502323150633, 2.214489996337891, 2.203418786239624]","[0.1003, 0.1076, 0.1229, 0.1342, 0.1323, 0.1353, 0.1378, 0.1402, 0.14335, 0.15105, 0.15775, 0.16305, 0.16815, 0.17145, 0.17365]","[0.17998637, 0.17992316, 0.17985843, 0.17978252, 0.1796858, 0.17957284, 0.17944235, 0.17930636, 0.17912242, 0.1789028, 0.1786281, 0.17828834, 0.1779302, 0.17751168, 0.17708057]","[0.17998637, 0.17992316, 0.17985843, 0.17978252, 0.1796858, 0.17957284, 0.17944235, 0.17930636, 0.17912242, 0.1789028, 0.1786281, 0.17828834, 0.1779302, 0.17751168, 0.17708057]",2.196991127,0.17875,0.17669389,0.0877661,milestone-experiments2,benchmark_testing
SGD,selu,LeNet5,"[2.2934720085144042, 2.22511544380188, 2.1702590473175047, 2.1214061435699465, 2.0767205158233644, 2.0739558094024657, 2.0148705751419067, 1.98979213180542, 1.9522644414901733, 1.9405167190551758, 1.8961619518280028, 1.904120559501648, 1.8622196475982666, 1.8732055408477783, 1.8221407768249511]","[0.12795, 0.18975, 0.2303, 0.2549, 0.26785, 0.2615, 0.29005, 0.2965, 0.3183, 0.3172, 0.33475, 0.3321, 0.3464, 0.33685, 0.36255]","[0.17941946, 0.17788531, 0.17631654, 0.17464322, 0.17283432, 0.17172521, 0.16979384, 0.16828875, 0.16654627, 0.16549347, 0.16379578, 0.16328984, 0.1616324, 0.16126706, 0.15956567]","[0.17941946, 0.17788531, 0.17631654, 0.17464322, 0.17283432, 0.17172521, 0.16979384, 0.16828875, 0.16654627, 0.16549347, 0.16379578, 0.16328984, 0.1616324, 0.16126706, 0.15956567]",1.823913292,0.36375,0.15889883,0.07772223,milestone-experiments2,benchmark_testing
SGD,tanh,LeNet5,"[2.303333819961548, 2.2880916233062742, 2.2756483989715575, 2.26256178817749, 2.2476440757751464, 2.230089652633667, 2.2087720920562743, 2.182860055923462, 2.152021854019165, 2.11901932220459, 2.0878158557891844, 2.061229788970947, 2.039029574584961, 2.02408650932312, 2.0078473785400393]","[0.10075, 0.1255, 0.142, 0.15635, 0.1778, 0.18935, 0.19885, 0.21455, 0.22945, 0.2392, 0.25505, 0.2682, 0.27025, 0.27745, 0.2852]","[0.17992012, 0.17965287, 0.17938204, 0.17908885, 0.17874447, 0.17831518, 0.17776582, 0.17705145, 0.17611505, 0.17501228, 0.17381874, 0.17265074, 0.17154968, 0.17072931, 0.16992438]","[0.17992012, 0.17965287, 0.17938204, 0.17908885, 0.17874447, 0.17831518, 0.17776582, 0.17705145, 0.17611505, 0.17501228, 0.17381874, 0.17265074, 0.17154968, 0.17072931, 0.16992438]",2.002261143,0.30175,0.16932341,0.083297744,milestone-experiments2,benchmark_testing
Adam,relu,AlexNet,"[2.1984380126953127, 1.9283532648086548, 1.7778691707611085, 1.664726759338379, 1.5374252792358398, 1.4523766874313355, 1.3805215744018555, 1.2963273944854736, 1.2172751111984252, 1.17422686252594, 1.098118088722229, 1.0279141660690307, 1.0175629947662355, 0.9561371256828308, 0.8673922545433045]","[0.16365, 0.2647, 0.3257, 0.3749, 0.42245, 0.4575, 0.4925, 0.5228, 0.5544, 0.572, 0.59965, 0.63105, 0.63285, 0.6608, 0.6915]","[0.17558935, 0.16472884, 0.15571648, 0.14847898, 0.13989705, 0.13317253, 0.1277597, 0.12140181, 0.11505209, 0.11117902, 0.10515559, 0.0988688, 0.09852851, 0.09227937, 0.08514741]","[0.17558935, 0.16472884, 0.15571648, 0.14847898, 0.13989705, 0.13317253, 0.1277597, 0.12140181, 0.11505209, 0.11117902, 0.10515559, 0.0988688, 0.09852851, 0.09227937, 0.08514741]",0.9569706216,0.6615,0.08683823,0.045496434,milestone-experiments2,benchmark_testing
Adam,selu,AlexNet,"[2.5474843269348146, 1.7484972717285157, 1.5052580568313598, 1.3603291442871093, 1.2385197208404541, 1.1477938579559326, 1.0175747451782227, 0.9122031776428222, 0.8296916563987732, 0.7334724459648132, 0.6710977546691894, 0.5373606760025025, 0.4311551924228668, 0.3391841460227966, 0.2922544306755066]","[0.195, 0.35745, 0.45515, 0.51365, 0.55695, 0.59075, 0.6403, 0.68215, 0.70905, 0.742, 0.76915, 0.81785, 0.8535, 0.88455, 0.9005]","[0.16974446, 0.15148738, 0.13683137, 0.12595914, 0.11633863, 0.108463295, 0.09857716, 0.08921332, 0.08240673, 0.07449984, 0.067959525, 0.057509057, 0.04829654, 0.039109062, 0.03365642]","[0.16974446, 0.15148738, 0.13683137, 0.12595914, 0.11633863, 0.108463295, 0.09857716, 0.08921332, 0.08240673, 0.07449984, 0.067959525, 0.057509057, 0.04829654, 0.039109062, 0.03365642]",1.155373942,0.665,0.07390981,0.049026616,milestone-experiments2,benchmark_testing
Adam,tanh,AlexNet,"[2.1586468351364134, 1.7781267932891847, 1.6082765993118286, 1.4155129154205321, 1.2610384771347045, 1.1388978141784667, 1.131282808303833, 0.9937246368408204, 0.8914410000801086, 0.7945958533287049, 0.7071611392974854, 0.6158362886428833, 0.5377203154563904, 0.46581472153663633, 0.3929549952030182]","[0.20135, 0.3487, 0.4153, 0.48975, 0.5475, 0.5941, 0.6004, 0.64975, 0.6872, 0.72465, 0.7539, 0.7869, 0.81085, 0.8363, 0.8667]","[0.17144439, 0.15435436, 0.14301169, 0.13071813, 0.118349925, 0.109347805, 0.10483505, 0.09622422, 0.087611675, 0.07899353, 0.0714581, 0.06401309, 0.056852557, 0.050262336, 0.04330189]","[0.17144439, 0.15435436, 0.14301169, 0.13071813, 0.118349925, 0.109347805, 0.10483505, 0.09622422, 0.087611675, 0.07899353, 0.0714581, 0.06401309, 0.056852557, 0.050262336, 0.04330189]",1.009774676,0.685,0.07212216,0.04444597,milestone-experiments2,benchmark_testing
NAdam,relu,AlexNet,"[2.2976343322753907, 2.3571075469970704, 2.1883602188110354, 2.085303448486328, 1.9955779403686524, 2.0103764755249025, 1.9679442687988282, 1.860835564994812, 1.870827087020874, 1.812075305747986, 1.6678976444244384, 1.586986180305481, 1.4795958133697509, 1.5572445571899414, 1.4043115369796753]","[0.1184, 0.1436, 0.1814, 0.22615, 0.2511, 0.24655, 0.267, 0.3091, 0.30715, 0.33535, 0.3873, 0.41535, 0.4566, 0.4371, 0.4938]","[0.17931937, 0.17806092, 0.17472515, 0.17059885, 0.16661431, 0.1660247, 0.16434443, 0.15984598, 0.15828437, 0.15611684, 0.14733852, 0.14107247, 0.13468818, 0.13722774, 0.12922141]","[0.17931937, 0.17806092, 0.17472515, 0.17059885, 0.16661431, 0.1660247, 0.16434443, 0.15984598, 0.15828437, 0.15611684, 0.14733852, 0.14107247, 0.13468818, 0.13722774, 0.12922141]",1.311461842,0.5165,0.120972216,0.06022268,milestone-experiments2,benchmark_testing
NAdam,selu,AlexNet,"[2.7328997032165527, 1.9942996877670287, 2.1006651847839355, 1.7510413833618164, 1.7720587320327759, 1.5362831047058105, 1.4009614109039306, 1.287945867729187, 16.86973564453125, 3.2049297157287597, 2.81056143951416, 2.5845287368774414, 2.1470642028808595, 1.7620529048919678, 1.445330121612549]","[0.17215, 0.28565, 0.2829, 0.3795, 0.3829, 0.4559, 0.5062, 0.54855, 0.14595, 0.1761, 0.2022, 0.2365, 0.3148, 0.39655, 0.48515]","[0.17359915, 0.16318667, 0.16096988, 0.14933568, 0.14886977, 0.13541923, 0.12650134, 0.117982484, 0.17205004, 0.16777252, 0.16353467, 0.15813524, 0.14774847, 0.13814159, 0.12800932]","[0.17359915, 0.16318667, 0.16096988, 0.14933568, 0.14886977, 0.13541923, 0.12650134, 0.117982484, 0.17205004, 0.16777252, 0.16353467, 0.15813524, 0.14774847, 0.13814159, 0.12800932]",1.330104826,0.54,0.123606384,0.060591135,milestone-experiments2,benchmark_testing
NAdam,tanh,AlexNet,"[2.2593599937438964, 1.95740191116333, 2.170675184059143, 1.7114349620819092, 1.5595243831634522, 1.7721826650619508, 1.4073339521408081, 1.2546173503875733, 2.3975315414428713, 2.850751072692871, 2.6549784015655518, 2.6070413467407225, 2.5288341079711913, 2.3890756801605226, 2.3622063594818115]","[0.17835, 0.29185, 0.2693, 0.387, 0.44435, 0.38525, 0.50015, 0.5577, 0.41685, 0.1019, 0.10945, 0.103, 0.13, 0.1564, 0.1606]","[0.17498045, 0.16370226, 0.1634506, 0.14903755, 0.13928276, 0.14453873, 0.12926899, 0.116885245, 0.13348323, 0.17964299, 0.17895782, 0.17936365, 0.17733501, 0.17411916, 0.17250493]","[0.17498045, 0.16370226, 0.1634506, 0.14903755, 0.13928276, 0.14453873, 0.12926899, 0.116885245, 0.13348323, 0.17964299, 0.17895782, 0.17936365, 0.17733501, 0.17411916, 0.17250493]",2.074923536,0.2305,0.16940868,0.08512741,milestone-experiments2,benchmark_testing
RAdam,relu,AlexNet,"[2.294749124145508, 2.1183997074127197, 1.9388571294784547, 1.785798656463623, 1.6450564191818238, 1.5502761547088624, 1.506670665359497, 1.398361658859253, 1.3328579587936402, 1.2493033948898316, 1.1499385980606078, 1.124731618118286, 1.0649809122085572, 0.9367050808906555, 0.9056130236625671]","[0.12005, 0.2023, 0.26225, 0.32825, 0.3843, 0.42665, 0.4456, 0.49225, 0.52225, 0.5506, 0.5883, 0.60035, 0.62015, 0.6678, 0.68285]","[0.1797941, 0.17270902, 0.16469416, 0.15644261, 0.14678161, 0.14028658, 0.13665049, 0.12834844, 0.12275134, 0.116790414, 0.10838347, 0.1056131, 0.101375155, 0.090190925, 0.08659469]","[0.1797941, 0.17270902, 0.16469416, 0.15644261, 0.14678161, 0.14028658, 0.13665049, 0.12834844, 0.12275134, 0.116790414, 0.10838347, 0.1056131, 0.101375155, 0.090190925, 0.08659469]",1.024766315,0.6405,0.0946273,0.04852459,milestone-experiments2,benchmark_testing
RAdam,selu,AlexNet,"[2.2009956314086914, 1.7509779167175292, 1.5622832794189454, 1.3910993539810181, 1.260860249900818, 1.4043101682662964, 1.0917213306427003, 0.943954672908783, 0.8648190751075745, 0.9248030974388123, 0.7877949862480164, 0.6091205662727356, 0.4638525143623352, 0.3802832719326019, 0.31415725564956665]","[0.19185, 0.3651, 0.4397, 0.49615, 0.5547, 0.5127, 0.6105, 0.6668, 0.69605, 0.67605, 0.7259, 0.7887, 0.8408, 0.86655, 0.8891]","[0.17206185, 0.15095517, 0.1373334, 0.12765427, 0.1147869, 0.120218985, 0.10346428, 0.090696, 0.0832563, 0.08353188, 0.075850025, 0.06156495, 0.04864791, 0.039829757, 0.033093587]","[0.17206185, 0.15095517, 0.1373334, 0.12765427, 0.1147869, 0.120218985, 0.10346428, 0.090696, 0.0832563, 0.08353188, 0.075850025, 0.06156495, 0.04864791, 0.039829757, 0.033093587]",1.327354611,0.654,0.07531458,0.051873498,milestone-experiments2,benchmark_testing
RAdam,tanh,AlexNet,"[2.2198230434417723, 1.8649940952301025, 1.6863216129302978, 1.4799669923782348, 1.4067754711151124, 1.2443504512786865, 1.180805662536621, 1.0588680903434753, 0.9405802916526794, 0.8492457368850708, 0.7812316868782043, 0.653842455291748, 0.6342308146476746, 0.5065839001178741, 0.38113416867256167]","[0.1617, 0.319, 0.38865, 0.46355, 0.49275, 0.5521, 0.5802, 0.62445, 0.66715, 0.699, 0.7284, 0.77375, 0.778, 0.82495, 0.86725]","[0.1766839, 0.15948391, 0.1472606, 0.13486262, 0.12881784, 0.11589997, 0.110225305, 0.10059971, 0.09120809, 0.082373254, 0.07613894, 0.06586684, 0.062036555, 0.052682556, 0.041287363]","[0.1766839, 0.15948391, 0.1472606, 0.13486262, 0.12881784, 0.11589997, 0.110225305, 0.10059971, 0.09120809, 0.082373254, 0.07613894, 0.06586684, 0.062036555, 0.052682556, 0.041287363]",1.219462343,0.6425,0.07875295,0.052709073,milestone-experiments2,benchmark_testing
SGD,relu,AlexNet,"[2.3031781379699705, 2.3024271995544434, 2.3020798511505127, 2.3013807842254637, 2.3011359287261963, 2.300946151351929, 2.3008616291046144, 2.300243773651123, 2.2998820472717285, 2.2994349742889404, 2.2993408191680906, 2.2984788402557372, 2.298177159500122, 2.297786107254028, 2.2971530529022215]","[0.10375, 0.10735, 0.1049, 0.1108, 0.11425, 0.11085, 0.1119, 0.11685, 0.1122, 0.1225, 0.1199, 0.12945, 0.13115, 0.1301, 0.134]","[0.17999974, 0.17998548, 0.17997903, 0.17996512, 0.17996013, 0.17995685, 0.1799553, 0.17994297, 0.17993581, 0.17992632, 0.17992416, 0.17990656, 0.1799, 0.17989185, 0.17987819]","[0.17999974, 0.17998548, 0.17997903, 0.17996512, 0.17996013, 0.17995685, 0.1799553, 0.17994297, 0.17993581, 0.17992632, 0.17992416, 0.17990656, 0.1799, 0.17989185, 0.17987819]",2.295927971,0.1625,0.1798622,0.08986575,milestone-experiments2,benchmark_testing
SGD,selu,AlexNet,"[2.2884847423553465, 2.136387844848633, 2.050041193199158, 2.0009775510787966, 1.918959601020813, 1.9019137649536133, 1.869522703742981, 1.829613946723938, 1.8039231149673463, 1.7918383184432984, 1.7519374534606933, 1.7276823352813722, 1.6804327688217162, 1.6893675842285156, 1.6611676263809203]","[0.1556, 0.2131, 0.25625, 0.27455, 0.3095, 0.316, 0.3313, 0.3466, 0.35505, 0.36235, 0.3759, 0.37995, 0.39975, 0.3987, 0.40465]","[0.1773476, 0.17273153, 0.16938646, 0.16659471, 0.16346018, 0.16171753, 0.15980552, 0.15803395, 0.15633619, 0.15504986, 0.15327182, 0.15196913, 0.14983465, 0.14909282, 0.14727063]","[0.1773476, 0.17273153, 0.16938646, 0.16659471, 0.16346018, 0.16171753, 0.15980552, 0.15803395, 0.15633619, 0.15504986, 0.15327182, 0.15196913, 0.14983465, 0.14909282, 0.14727063]",1.605778597,0.4455,0.14545852,0.07018036,milestone-experiments2,benchmark_testing
SGD,tanh,AlexNet,"[2.309439694213867, 2.294294956970215, 2.2805453971862795, 2.264793553543091, 2.2463451934814453, 2.22428581237793, 2.1986276763916015, 2.169581643295288, 2.1385152950286863, 2.1103526580810548, 2.0858540588378904, 2.0646314498901366, 2.0414888343811035, 2.022438314819336, 2.0081090560913086]","[0.1023, 0.1237, 0.1401, 0.16405, 0.1815, 0.1959, 0.20935, 0.2144, 0.2267, 0.2293, 0.2353, 0.2458, 0.2498, 0.2584, 0.25875]","[0.17993695, 0.17967045, 0.17940319, 0.17904986, 0.17859, 0.17801589, 0.17724383, 0.17625326, 0.17510696, 0.17388088, 0.17275645, 0.17169935, 0.17073213, 0.16989268, 0.1691132]","[0.17993695, 0.17967045, 0.17940319, 0.17904986, 0.17859, 0.17801589, 0.17724383, 0.17625326, 0.17510696, 0.17388088, 0.17275645, 0.17169935, 0.17073213, 0.16989268, 0.1691132]",1.97404083,0.329,0.16849883,0.08248075,milestone-experiments2,benchmark_testing
Adam,relu,MiniVGGNet,"[2.5868257192611694, 1.7709872575759888, 1.5085125762939453, 1.369240040588379, 1.269718630218506, 1.1522817880630494, 1.0494357995033263, 0.9779162112236023, 0.898210772895813, 0.8101462715148926, 0.7104672318458557, 0.6096073225021362, 0.5185410613059998, 0.43871063804626464, 0.3466208477497101]","[0.18265, 0.3768, 0.4691, 0.51555, 0.5527, 0.593, 0.632, 0.6591, 0.68895, 0.7213, 0.7554, 0.7918, 0.826, 0.85515, 0.88855]","[0.17520434, 0.15419485, 0.1370007, 0.1269616, 0.11962812, 0.11056201, 0.10174355, 0.09568825, 0.08925143, 0.08208094, 0.073969565, 0.06460988, 0.05684703, 0.04921284, 0.040704217]","[0.17520434, 0.15419485, 0.1370007, 0.1269616, 0.11962812, 0.11056201, 0.10174355, 0.09568825, 0.08925143, 0.08208094, 0.073969565, 0.06460988, 0.05684703, 0.04921284, 0.040704217]",1.309268887,0.62875,0.08285684,0.05336091,milestone-experiments2,benchmark_testing
Adam,selu,MiniVGGNet,"[24.448781957244872, 2.6321485004425047, 1.8423989261627198, 1.6514046447753907, 1.5573024742126464, 1.4940299381256104, 1.4477435380935668, 1.4015424390792848, 1.3575442396163941, 1.3305992307662964, 1.2770232860565185, 1.235189129638672, 1.1950181177139283, 1.1852906726837158, 1.2113919675827027]","[0.13765, 0.23565, 0.34435, 0.4227, 0.4643, 0.48515, 0.50275, 0.5195, 0.5325, 0.53955, 0.5616, 0.57665, 0.59105, 0.59135, 0.57965]","[0.17303507, 0.16502354, 0.15653469, 0.14614792, 0.14088069, 0.13729809, 0.13403635, 0.1309715, 0.1277289, 0.1254457, 0.12174305, 0.11907049, 0.1160939, 0.11426421, 0.113771535]","[0.17303507, 0.16502354, 0.15653469, 0.14614792, 0.14088069, 0.13729809, 0.13403635, 0.1309715, 0.1277289, 0.1254457, 0.12174305, 0.11907049, 0.1160939, 0.11426421, 0.113771535]",1.279058733,0.554,0.11713652,0.05795353,milestone-experiments2,benchmark_testing
Adam,tanh,MiniVGGNet,"[6.337060125732422, 3.255509254074097, 2.352007479476929, 2.2535000839233397, 2.218002342605591, 2.1785196769714354, 2.147596837234497, 2.1093369998931886, 2.0708930782318116, 2.0203929851531983, 1.9469019596099852, 1.8505993698120118, 1.772669160270691, 1.6682347314834596, 1.6046445734024049]","[0.1045, 0.11745, 0.1166, 0.15305, 0.18465, 0.18865, 0.19725, 0.23115, 0.25595, 0.2808, 0.3125, 0.34235, 0.37415, 0.414, 0.4352]","[0.17924567, 0.17938957, 0.17896803, 0.17852639, 0.17776711, 0.17630932, 0.1752294, 0.17331862, 0.17189184, 0.16963767, 0.16588981, 0.16121684, 0.15721133, 0.15061727, 0.14685474]","[0.17924567, 0.17938957, 0.17896803, 0.17852639, 0.17776711, 0.17630932, 0.1752294, 0.17331862, 0.17189184, 0.16963767, 0.16588981, 0.16121684, 0.15721133, 0.15061727, 0.14685474]",1.596624968,0.4305,0.14498773,0.07062656,milestone-experiments2,benchmark_testing
NAdam,relu,MiniVGGNet,"[2.590205046081543, 2.1741824401855467, 1.974273377609253, 2.006990070915222, 1.6691084283828734, 1.490931023979187, 1.4082424354553222, 1.3727560836791992, 1.2084047416687012, 1.1415077976226806, 1.0207694499969482, 0.9401944648742676, 0.8687803304672241, 0.8009189630508423, 0.651337518119812]","[0.15205, 0.243, 0.29385, 0.3188, 0.4091, 0.4705, 0.50575, 0.5193, 0.57375, 0.602, 0.64275, 0.67485, 0.6962, 0.7248, 0.7806]","[0.17835367, 0.17159653, 0.16372688, 0.1625398, 0.14624095, 0.13510472, 0.12790285, 0.12475709, 0.1140074, 0.10822981, 0.09863047, 0.09198968, 0.08599898, 0.08093503, 0.06827369]","[0.17835367, 0.17159653, 0.16372688, 0.1625398, 0.14624095, 0.13510472, 0.12790285, 0.12475709, 0.1140074, 0.10822981, 0.09863047, 0.09198968, 0.08599898, 0.08093503, 0.06827369]",1.371299794,0.5745,0.097867236,0.05944915,milestone-experiments2,benchmark_testing
NAdam,selu,MiniVGGNet,"[26.55378751525879, 2.5053553789138796, 1.7449340114593506, 1.6506147596359253, 1.569590636253357, 1.4884869632720947, 1.4450115970611572, 1.4036405765533446, 1.3145660932540895, 1.2764960561752319, 1.3086487052917481, 1.19900945854187, 1.166651081085205, 1.1368328605651856, 1.066909600830078]","[0.1403, 0.27965, 0.3851, 0.4151, 0.45095, 0.47815, 0.4951, 0.51065, 0.53995, 0.55165, 0.5427, 0.58065, 0.59485, 0.60365, 0.63115]","[0.1720634, 0.16193207, 0.15050001, 0.14383993, 0.13937846, 0.13426377, 0.13098961, 0.12758459, 0.12320294, 0.12007413, 0.11915713, 0.11423244, 0.11088395, 0.1088006, 0.103924915]","[0.1720634, 0.16193207, 0.15050001, 0.14383993, 0.13937846, 0.13426377, 0.13098961, 0.12758459, 0.12320294, 0.12007413, 0.11915713, 0.11423244, 0.11088395, 0.1088006, 0.103924915]",1.26391608,0.55075,0.11373592,0.057980314,milestone-experiments2,benchmark_testing
NAdam,tanh,MiniVGGNet,"[8.39171700515747, 2.9047924606323243, 2.3099784801483154, 2.305486508178711, 2.304469717788696, 2.305303869628906, 2.3052383964538574, 2.3044849365234374, 2.305744797515869, 2.305666061401367, 2.3058868648529054, 2.3068020359039307, 2.3074331695556642, 2.307504921722412, 2.3068029899597167]","[0.10205, 0.10395, 0.09885, 0.1007, 0.1002, 0.0988, 0.09875, 0.09675, 0.1003, 0.09615, 0.1011, 0.09765, 0.09685, 0.09925, 0.09835]","[0.17942664, 0.17999157, 0.18000503, 0.17998599, 0.17999487, 0.18001065, 0.18001077, 0.17998545, 0.17999977, 0.17999156, 0.18000671, 0.17999521, 0.18001465, 0.18001196, 0.17998627]","[0.17942664, 0.17999157, 0.18000503, 0.17998599, 0.17999487, 0.18001065, 0.18001077, 0.17998545, 0.17999977, 0.17999156, 0.18000671, 0.17999521, 0.18001465, 0.18001196, 0.17998627]",2.315956581,0.099,0.18005456,0.09025353,milestone-experiments2,benchmark_testing
RAdam,relu,MiniVGGNet,"[2.1563422439575195, 1.6675281549453735, 1.3995234188079835, 1.2734906381607056, 1.12512725315094, 0.9896886328697204, 0.9129650220870972, 0.8306030021667481, 0.7186313429832458, 0.5525366567611695, 0.472588551235199, 0.33738569917678835, 0.23102443675994874, 0.15235715997219085, 0.104843932056427]","[0.19925, 0.41115, 0.50615, 0.54915, 0.6053, 0.6549, 0.6801, 0.711, 0.7486, 0.8095, 0.83685, 0.8895, 0.92535, 0.9524, 0.9673]","[0.17359003, 0.14659584, 0.12978527, 0.11974692, 0.10766492, 0.0971694, 0.09076971, 0.08336442, 0.07444235, 0.059409816, 0.05226013, 0.039328463, 0.028000675, 0.019280417, 0.014098373]","[0.17359003, 0.14659584, 0.12978527, 0.11974692, 0.10766492, 0.0971694, 0.09076971, 0.08336442, 0.07444235, 0.059409816, 0.05226013, 0.039328463, 0.028000675, 0.019280417, 0.014098373]",1.767919271,0.63425,0.07731227,0.05769254,milestone-experiments2,benchmark_testing
RAdam,selu,MiniVGGNet,"[6.769148949050903, 2.138659162712097, 1.6058493549346924, 1.448269919204712, 1.3445276916503905, 1.2747611265182495, 1.1887962337493896, 1.1311625673294068, 1.0448907379150392, 0.9317064273834228, 0.8399938804626464, 0.7488874665260314, 0.6716070663452148, 0.6001418809890747, 0.49432765965461734]","[0.15785, 0.32935, 0.43905, 0.4988, 0.5303, 0.553, 0.5842, 0.6072, 0.63765, 0.67865, 0.7101, 0.746, 0.77105, 0.79875, 0.83545]","[0.17041674, 0.15060744, 0.14109638, 0.1314468, 0.12478997, 0.11829736, 0.11208711, 0.10590389, 0.09960028, 0.09205936, 0.0852338, 0.077623025, 0.07066411, 0.06450641, 0.05583214]","[0.17041674, 0.15060744, 0.14109638, 0.1314468, 0.12478997, 0.11829736, 0.11208711, 0.10590389, 0.09960028, 0.09205936, 0.0852338, 0.077623025, 0.07066411, 0.06450641, 0.05583214]",1.235261526,0.61575,0.08822595,0.05362602,milestone-experiments2,benchmark_testing
RAdam,tanh,MiniVGGNet,"[2.6052473003387453, 1.7425426321029662, 1.4761421989440917, 1.40919329662323, 1.2698148056030274, 1.2091137315750122, 1.1037037473678588, 0.9983400526046753, 0.9770555913925171, 0.8741427854537964, 1.1691584014892578, 3.2036302101135252, 1.9328530685424805, 1.6559958486557007, 1.4150946928024293]","[0.21215, 0.40705, 0.487, 0.5139, 0.56565, 0.5797, 0.6208, 0.6566, 0.65985, 0.6974, 0.63555, 0.26955, 0.29165, 0.408, 0.4991]","[0.16391101, 0.14156926, 0.13258913, 0.12635241, 0.11816789, 0.112245984, 0.104577124, 0.09734045, 0.093590036, 0.086512655, 0.09190637, 0.15401766, 0.16613472, 0.14660871, 0.13054876]","[0.16391101, 0.14156926, 0.13258913, 0.12635241, 0.11816789, 0.112245984, 0.104577124, 0.09734045, 0.093590036, 0.086512655, 0.09190637, 0.15401766, 0.16613472, 0.14660871, 0.13054876]",1.428986975,0.493,0.13077135,0.06458583,milestone-experiments2,benchmark_testing
SGD,relu,MiniVGGNet,"[2.291938614273071, 2.262219458389282, 2.203573951721191, 2.1634388439178465, 2.116303171157837, 2.0781326248168943, 2.036391724205017, 2.0070812017440796, 1.9870445365905762, 1.9630224239349365, 1.9101519771575928, 1.897723544883728, 1.877588593864441, 1.8554327236175536, 1.8225195938110352]","[0.13505, 0.1857, 0.2285, 0.21555, 0.24355, 0.2486, 0.2772, 0.28745, 0.30385, 0.31105, 0.3255, 0.3291, 0.3362, 0.34835, 0.35125]","[0.17975207, 0.17906474, 0.17749664, 0.17499357, 0.17295311, 0.1709529, 0.16916664, 0.16744013, 0.16566256, 0.16529667, 0.16255918, 0.16190374, 0.15983813, 0.15950325, 0.15737484]","[0.17975207, 0.17906474, 0.17749664, 0.17499357, 0.17295311, 0.1709529, 0.16916664, 0.16744013, 0.16566256, 0.16529667, 0.16255918, 0.16190374, 0.15983813, 0.15950325, 0.15737484]",1.769671078,0.3715,0.15513836,0.07583429,milestone-experiments2,benchmark_testing
SGD,selu,MiniVGGNet,"[nan, nan, nan, nan, nan, nan, nan, nan, nan, nan, nan, nan, nan, nan, nan]","[0.1001, 0.09945, 0.09945, 0.09945, 0.09945, 0.09945, 0.09945, 0.09945, 0.09945, 0.09945, 0.09945, 0.09945, 0.09945, 0.09945, 0.09945]","[nan, nan, nan, nan, nan, nan, nan, nan, nan, nan, nan, nan, nan, nan, nan]","[nan, nan, nan, nan, nan, nan, nan, nan, nan, nan, nan, nan, nan, nan, nan]",nan,0.09725,nan,nan,milestone-experiments2,benchmark_testing
SGD,tanh,MiniVGGNet,"[2.2368615257263182, 2.076701747131348, 1.9433566820144654, 1.8605157707214355, 1.7974145998001099, 1.744139338874817, 1.6924480926513672, 1.6526906496047973, 1.635616894721985, 1.619006572341919, 1.5773505041122438, 1.5610048147201538, 1.5432371841430663, 1.5260114259719848, 1.5031330518722534]","[0.1864, 0.27905, 0.3239, 0.35065, 0.37225, 0.39905, 0.41295, 0.4282, 0.43365, 0.43795, 0.4512, 0.45705, 0.4651, 0.4721, 0.4738]","[0.17725863, 0.17146519, 0.16599804, 0.16078997, 0.15720989, 0.1539705, 0.15054311, 0.14844625, 0.1464063, 0.14521155, 0.14279905, 0.14112078, 0.13995807, 0.13851318, 0.13710505]","[0.17725863, 0.17146519, 0.16599804, 0.16078997, 0.15720989, 0.1539705, 0.15054311, 0.14844625, 0.1464063, 0.14521155, 0.14279905, 0.14112078, 0.13995807, 0.13851318, 0.13710505]",1.525574078,0.46825,0.1359862,0.06723412,milestone-experiments2,benchmark_testing
Adam,relu,ZFNet,"[2.3012647678375244, 2.302748024749756, 2.302544046020508, 2.302586937713623, 2.3025388389587405, 2.30250897102356, 2.3554773239135742, 2.3033242267608642, 2.3277457759857176, 2.3003605068206787, 2.2890894859313966, 2.211351321411133, 2.111816345214844, 1.9848854730606078, 1.9000126256942749]","[0.1038, 0.09975, 0.10095, 0.1021, 0.09835, 0.10185, 0.12935, 0.1001, 0.1181, 0.1057, 0.11745, 0.15315, 0.1716, 0.1979, 0.2412]","[0.17967333, 0.17999528, 0.17999743, 0.17999758, 0.17999634, 0.17999467, 0.17927825, 0.17999569, 0.17966115, 0.17990471, 0.17950356, 0.17641687, 0.17289491, 0.16912833, 0.16494966]","[0.17967333, 0.17999528, 0.17999743, 0.17999758, 0.17999634, 0.17999467, 0.17927825, 0.17999569, 0.17966115, 0.17990471, 0.17950356, 0.17641687, 0.17289491, 0.16912833, 0.16494966]",1.87731373,0.25175,0.16268313,0.081482485,milestone-experiments2,benchmark_testing
Adam,selu,ZFNet,"[43.16118698730469, 20.5044162361145, 6.261189186859131, 2.747804475402832, 2.275994641494751, 2.193171557998657, 2.145201208114624, 2.06917572517395, 1.9981206296920777, 1.931528107070923, 1.8964707408905028, 1.8684326065063477, 1.8460438285827636, 1.8076751428604125, 1.822215093421936]","[0.09805, 0.10125, 0.1042, 0.12035, 0.1504, 0.1719, 0.19705, 0.23025, 0.24485, 0.26475, 0.2723, 0.28335, 0.2883, 0.30265, 0.3028]","[0.1807849, 0.17962432, 0.17923518, 0.17870471, 0.17752147, 0.17567454, 0.17356126, 0.17087936, 0.16682062, 0.16304648, 0.16144295, 0.16007642, 0.15892197, 0.15701121, 0.15625896]","[0.1807849, 0.17962432, 0.17923518, 0.17870471, 0.17752147, 0.17567454, 0.17356126, 0.17087936, 0.16682062, 0.16304648, 0.16144295, 0.16007642, 0.15892197, 0.15701121, 0.15625896]",1.922127843,0.28275,0.15874164,0.082593925,milestone-experiments2,benchmark_testing
Adam,tanh,ZFNet,"[8.820817406463624, 3.275843992614746, 2.3818914730072023, 2.323894910812378, 2.3200243740081787, 2.327521996307373, 2.3272858665466307, 2.3226307720184325, 2.317978942489624, 2.3308612216949465, 2.328615723800659, 2.3324677211761475, 2.325543251800537, 2.3201567935943603, 2.3349879089355468]","[0.10385, 0.0971, 0.09735, 0.0989, 0.10265, 0.103, 0.09825, 0.10045, 0.1012, 0.10495, 0.099, 0.101, 0.10195, 0.09895, 0.10075]","[0.17967363, 0.1801224, 0.18003902, 0.17999311, 0.17996638, 0.17996836, 0.18001656, 0.18001035, 0.17998578, 0.17994611, 0.17998332, 0.17998643, 0.17994268, 0.17998946, 0.17997435]","[0.17967363, 0.1801224, 0.18003902, 0.17999311, 0.17996638, 0.17996836, 0.18001656, 0.18001035, 0.17998578, 0.17994611, 0.17998332, 0.17998643, 0.17994268, 0.17998946, 0.17997435]",2.317906742,0.099,0.17999075,0.09029764,milestone-experiments2,benchmark_testing
NAdam,relu,ZFNet,"[2.4067039836883546, 2.6501573169708252, 2.302597908401489, 2.3027247005462645, 2.3025913093566897, 2.309132061767578, 2.3025570190429687, 2.3023815647125243, 2.3017751144409178, 2.3083685554504396, 2.3023081756591797, 2.553649060821533, 2.303147597503662, 2.4508304222106934, 2.311673254776001]","[0.1112, 0.106, 0.10295, 0.10345, 0.1021, 0.1013, 0.09935, 0.10155, 0.10115, 0.10495, 0.1021, 0.10365, 0.102, 0.1007, 0.1027]","[0.1797566, 0.1799048, 0.17999688, 0.17996463, 0.17999652, 0.17994145, 0.17999601, 0.17999265, 0.17993252, 0.17994696, 0.17996679, 0.17999497, 0.17999251, 0.17993432, 0.17995329]","[0.1797566, 0.1799048, 0.17999688, 0.17996463, 0.17999652, 0.17994145, 0.17999601, 0.17999265, 0.17993252, 0.17994696, 0.17996679, 0.17999497, 0.17999251, 0.17993432, 0.17995329]",2.302154982,0.11825,0.17998885,0.089991316,milestone-experiments2,benchmark_testing
NAdam,selu,ZFNet,"[46.105498266601565, 42.20547259979248, 3.4839453636169435, 2.1100765880584715, 2.129707236480713, 2.054424264907837, 2.1379696643829345, 1.9468707820892335, 1.8767509580612183, 2.359881163406372, 1.6564554887771605, 1.5227379346847534, 1.4576111770629883, 1.4123255310058593, 1.3800673728942872]","[0.10775, 0.0979, 0.16425, 0.24845, 0.25355, 0.27805, 0.2817, 0.3287, 0.35095, 0.29445, 0.41155, 0.45235, 0.48015, 0.49585, 0.51315]","[0.17845367, 0.18003528, 0.17373534, 0.16557519, 0.16292001, 0.15918493, 0.15748349, 0.15403596, 0.14959614, 0.1544545, 0.14207815, 0.134994, 0.13121316, 0.12787788, 0.12485349]","[0.17845367, 0.18003528, 0.17373534, 0.16557519, 0.16292001, 0.15918493, 0.15748349, 0.15403596, 0.14959614, 0.1544545, 0.14207815, 0.134994, 0.13121316, 0.12787788, 0.12485349]",1.694846931,0.4125,0.13790952,0.07244828,milestone-experiments2,benchmark_testing
NAdam,tanh,ZFNet,"[10.734061276245118, 8.333838165283202, 2.4351836467742918, 2.511097265625, 2.564392978286743, 2.6523047966003417, 2.8148986602783204, 2.9175096446990967, 2.7967851654052733, 2.762049166870117, 2.838949083328247, 2.889845148849487, 3.0117364280700682, 2.7566565925598145, 2.7287906242370608]","[0.1017, 0.1017, 0.0975, 0.10255, 0.1003, 0.10175, 0.10225, 0.10145, 0.0998, 0.10455, 0.099, 0.09725, 0.10115, 0.09845, 0.09915]","[0.17973797, 0.1797651, 0.18002397, 0.17997678, 0.17990783, 0.17988724, 0.17992789, 0.1798463, 0.18007231, 0.17983653, 0.18007761, 0.18011855, 0.17997484, 0.17993572, 0.1799605]","[0.17973797, 0.1797651, 0.18002397, 0.17997678, 0.17990783, 0.17988724, 0.17992789, 0.1798463, 0.18007231, 0.17983653, 0.18007761, 0.18011855, 0.17997484, 0.17993572, 0.1799605]",2.95639419,0.09725,0.18024468,0.09998742,milestone-experiments2,benchmark_testing
RAdam,relu,ZFNet,"[2.2926843917846678, 2.2894711532592775, 2.2917113372802733, 2.070444097137451, 1.941172201538086, 1.830330933189392, 1.8332778800964356, 1.6482108268737794, 1.559372095489502, 1.5233022045135498, 1.4555545404434205, 1.3816752799987793, 1.2891746858596802, 1.3336807237625121, 1.2423664304733277]","[0.114, 0.17415, 0.13805, 0.18525, 0.22915, 0.28175, 0.31025, 0.36145, 0.406, 0.41685, 0.4483, 0.4772, 0.51515, 0.5093, 0.5392]","[0.17920737, 0.17513008, 0.17910372, 0.1715, 0.16709982, 0.16025445, 0.15819402, 0.14810376, 0.14211918, 0.13910697, 0.13395129, 0.12829702, 0.1215793, 0.124071866, 0.11710742]","[0.17920737, 0.17513008, 0.17910372, 0.1715, 0.16709982, 0.16025445, 0.15819402, 0.14810376, 0.14211918, 0.13910697, 0.13395129, 0.12829702, 0.1215793, 0.124071866, 0.11710742]",1.352422673,0.49925,0.12062571,0.06308682,milestone-experiments2,benchmark_testing
RAdam,selu,ZFNet,"[2.2082645654678346, 1.9875055236816406, 1.9145429794311524, 16.488629016113283, 42.51459891204834, 4.57826252746582, 3.057248965072632, 2.392660587692261, 2.3170360694885255, 2.3021164764404296, 2.294193829345703, 2.275923364639282, 2.8269438953399657, 2.7641643115997314, 2.3478219409942627]","[0.17545, 0.30075, 0.3271, 0.1966, 0.10035, 0.1021, 0.10185, 0.10435, 0.1063, 0.11235, 0.12485, 0.1404, 0.1135, 0.10755, 0.1348]","[0.17259736, 0.15707833, 0.15217426, 0.1657426, 0.17999306, 0.17979792, 0.17976567, 0.1798137, 0.17971012, 0.17951146, 0.17904364, 0.17810008, 0.1785261, 0.17937195, 0.1781167]","[0.17259736, 0.15707833, 0.15217426, 0.1657426, 0.17999306, 0.17979792, 0.17976567, 0.1798137, 0.17971012, 0.17951146, 0.17904364, 0.17810008, 0.1785261, 0.17937195, 0.1781167]",2.300025669,0.1095,0.17764157,0.090290144,milestone-experiments2,benchmark_testing
RAdam,tanh,ZFNet,"[2.2095654413223267, 1.852894450569153, 1.814191978263855, 1.5724187561035157, 1.9662516563415526, 15.270353703308105, 4.850042321777344, 2.629385551071167, 2.350615196609497, 2.3232467582702636, 2.3320654712677, 2.325182244491577, 2.323139228439331, 2.33559012298584, 2.333321975708008]","[0.15945, 0.31525, 0.3535, 0.4313, 0.395, 0.09985, 0.09935, 0.09915, 0.0991, 0.0974, 0.09965, 0.0996, 0.1019, 0.103, 0.10025]","[0.17530313, 0.15786599, 0.15071063, 0.1370994, 0.13971537, 0.18004386, 0.17994435, 0.18006825, 0.17998454, 0.18002258, 0.17998847, 0.17994855, 0.17997247, 0.18002503, 0.1799724]","[0.17530313, 0.15786599, 0.15071063, 0.1370994, 0.13971537, 0.18004386, 0.17994435, 0.18006825, 0.17998454, 0.18002258, 0.17998847, 0.17994855, 0.17997247, 0.18002503, 0.1799724]",2.333608461,0.102,0.17994177,0.09059947,milestone-experiments2,benchmark_testing
SGD,relu,ZFNet,"[2.3024378192901613, 2.302257233810425, 2.3020769958496095, 2.3019091037750243, 2.301749987411499, 2.3015986194610596, 2.301452297592163, 2.301304943847656, 2.3011598651885987, 2.3010108226776125, 2.3008535121917726, 2.3006896137237547, 2.300517152786255, 2.3003334869384764, 2.3001474266052244]","[0.10135, 0.10135, 0.10135, 0.10135, 0.10135, 0.10135, 0.10135, 0.10145, 0.1015, 0.10215, 0.10155, 0.1038, 0.10795, 0.11215, 0.1166]","[0.17999671, 0.1799931, 0.1799895, 0.1799861, 0.17998292, 0.17997985, 0.17997684, 0.17997387, 0.17997086, 0.17996784, 0.17996459, 0.17996128, 0.17995769, 0.179954, 0.17995007]","[0.17999671, 0.1799931, 0.1799895, 0.1799861, 0.17998292, 0.17997985, 0.17997684, 0.17997387, 0.17997086, 0.17996784, 0.17996459, 0.17996128, 0.17995769, 0.179954, 0.17995007]",2.300071461,0.11625,0.17994848,0.08994965,milestone-experiments2,benchmark_testing
SGD,selu,ZFNet,"[2.27384822845459, 2.2017233013153077, 2.1382729095458983, 2.0782339126586913, 2.047224396324158, 1.979599137878418, 1.963758172225952, 1.9156688302993774, 1.859452123451233, 1.8459517168045043, 1.8242612926483155, 1.7553060297012328, 1.769470315361023, 1.7328062770843506, 1.728281933403015]","[0.17125, 0.24985, 0.236, 0.25875, 0.2596, 0.2884, 0.2996, 0.312, 0.33205, 0.3383, 0.3391, 0.36955, 0.36605, 0.38175, 0.3813]","[0.17932917, 0.17758533, 0.17493011, 0.17214026, 0.17010744, 0.16741757, 0.16582176, 0.16374122, 0.16116357, 0.16015819, 0.158499, 0.1556684, 0.15544611, 0.15388812, 0.15316977]","[0.17932917, 0.17758533, 0.17493011, 0.17214026, 0.17010744, 0.16741757, 0.16582176, 0.16374122, 0.16116357, 0.16015819, 0.158499, 0.1556684, 0.15544611, 0.15388812, 0.15316977]",1.788679975,0.36075,0.15436444,0.07721768,milestone-experiments2,benchmark_testing
SGD,tanh,ZFNet,"[2.300708369064331, 2.297967621231079, 2.29548730430603, 2.2930504158020018, 2.2904912139892577, 2.287668041229248, 2.284410704421997, 2.2805578014373777, 2.2759310516357423, 2.270192416381836, 2.2628939903259275, 2.253387376022339, 2.240767637252808, 2.223530389022827, 2.199720896911621]","[0.0867, 0.0978, 0.101, 0.10755, 0.11035, 0.10435, 0.10825, 0.12305, 0.12985, 0.13265, 0.1679, 0.1838, 0.2133, 0.23325, 0.2507]","[0.17994967, 0.1798944, 0.17984033, 0.17978711, 0.17973022, 0.179668, 0.17959711, 0.17950892, 0.17940408, 0.17927043, 0.17910495, 0.17887904, 0.17858064, 0.17815006, 0.17752726]","[0.17994967, 0.1798944, 0.17984033, 0.17978711, 0.17973022, 0.179668, 0.17959711, 0.17950892, 0.17940408, 0.17927043, 0.17910495, 0.17887904, 0.17858064, 0.17815006, 0.17752726]",2.184908062,0.2495,0.17710055,0.08753273,milestone-experiments2,benchmark_testing
Adam,relu,ResNet18,"[nan, nan, nan, nan, nan, nan, nan, nan, nan, nan, nan, nan, nan, nan, nan]","[0.09945, 0.09945, 0.09945, 0.09945, 0.09945, 0.09945, 0.09945, 0.09945, 0.09945, 0.09945, 0.09945, 0.09945, 0.09945, 0.09945, 0.09945]","[nan, nan, nan, nan, nan, nan, nan, nan, nan, nan, nan, nan, nan, nan, nan]","[nan, nan, nan, nan, nan, nan, nan, nan, nan, nan, nan, nan, nan, nan, nan]",nan,0.0976,nan,nan,milestone-experiments2,benchmark_testing
Adam,selu,ResNet18,"[2.75915807723999, 2.7457870037078855, 2.7314320281982423, 2.7103123958587645, 2.6974616191864014, 2.6998562572479248, 2.685037237930298, 2.7035594776153564, 2.6878427680969237, 2.687568671417236, 2.6831374111175537, 2.680152119445801, 2.749093718338013, 2.7052694438934326, 2.6799652153015137]","[0.14345, 0.13675, 0.13, 0.12915, 0.13515, 0.1243, 0.14715, 0.16, 0.15145, 0.1534, 0.1548, 0.1573, 0.15875, 0.14895, 0.15625]","[7.290054, 7.5761743, 7.8585625, 7.8634963, 7.6870327, 7.5098343, 7.4642453, 7.4889064, 8.45852, 8.81469, 8.901442, 8.810777, 7.68586, 6.3957705, 7.231771]","[7.290054, 7.5761743, 7.8585625, 7.8634963, 7.6870327, 7.5098343, 7.4642453, 7.4889064, 8.45852, 8.81469, 8.901442, 8.810777, 7.68586, 6.3957705, 7.231771]",2.666001097,0.1518,6.3498783,84.206856,milestone-experiments2,benchmark_testing
Adam,tanh,ResNet18,"[3.1177918865203855, 2.8808319023132323, 2.8548071434020996, 2.859187564086914, 2.86979592628479, 2.9037127391815187, 2.8582441883087157, 2.8589114517211915, 2.8760933902740478, 2.844616233444214, 2.8180849430084227, 2.8101032817840577, 2.7930274604797365, 2.8000608623504637, 2.795548698425293]","[0.1027, 0.07985, 0.09985, 0.0974, 0.09765, 0.09715, 0.0753, 0.08915, 0.09735, 0.114, 0.10615, 0.09665, 0.09895, 0.09245, 0.09225]","[0.97345626, 0.98495173, 0.9921624, 0.9886209, 0.9896223, 0.9854253, 0.9997369, 0.9935774, 0.989771, 0.99791735, 0.9984654, 0.99312305, 0.99284387, 1.0024725, 1.002523]","[0.97345626, 0.98495173, 0.9921624, 0.9886209, 0.9896223, 0.9854253, 0.9997369, 0.9935774, 0.989771, 0.99791735, 0.9984654, 0.99312305, 0.99284387, 1.0024725, 1.002523]",2.792032011,0.0982,1.0495615,1.1995702,milestone-experiments2,benchmark_testing
NAdam,relu,ResNet18,"[nan, nan, nan, nan, nan, nan, nan, nan, nan, nan, nan, nan, nan, nan, nan]","[0.09945, 0.09945, 0.09945, 0.09945, 0.09945, 0.09945, 0.09945, 0.09945, 0.09945, 0.09945, 0.09945, 0.09945, 0.09945, 0.09945, 0.09945]","[nan, nan, nan, nan, nan, nan, nan, nan, nan, nan, nan, nan, nan, nan, nan]","[nan, nan, nan, nan, nan, nan, nan, nan, nan, nan, nan, nan, nan, nan, nan]",nan,0.0976,nan,nan,milestone-experiments2,benchmark_testing
NAdam,selu,ResNet18,"[2.7776411628723143, 2.673513171005249, 2.748101951599121, 2.6738433124542236, 2.67769524230957, 2.663392013549805, 2.6390538768768312, 2.64284938583374, 2.643872911453247, 2.66395454788208, 2.6226861042022707, 2.6124036224365232, 2.631415072250366, 2.640578112792969, 2.6362771392822264]","[0.13075, 0.14605, 0.0728, 0.13255, 0.1412, 0.1562, 0.16225, 0.1608, 0.1608, 0.17135, 0.1635, 0.1704, 0.16655, 0.16055, 0.1593]","[7.107937, 7.90435, 8.246088, 8.913765, 9.448379, 9.872383, 10.041572, 9.91504, 9.918233, 9.821286, 10.1429, 10.273894, 10.305924, 10.455237, 10.259082]","[7.107937, 7.90435, 8.246088, 8.913765, 9.448379, 9.872383, 10.041572, 9.91504, 9.918233, 9.821286, 10.1429, 10.273894, 10.305924, 10.455237, 10.259082]",2.639438853,0.1654,11.970577,271.92355,milestone-experiments2,benchmark_testing
NAdam,tanh,ResNet18,"[2.7719073627471924, 2.7364761150360106, 2.728131090927124, 2.773332243347168, 2.7982792041778564, 2.738521464920044, 2.716266878890991, 2.7210676300048826, 2.802628226852417, 2.7748406478881837, 2.712214915084839, 2.6989664134979248, 2.7120081367492674, 2.7439520572662355, 2.7164225353240967]","[0.0971, 0.1027, 0.1079, 0.1012, 0.1011, 0.10045, 0.1007, 0.1017, 0.09435, 0.0907, 0.09855, 0.0986, 0.0977, 0.1027, 0.10815]","[1.0000798, 0.9923706, 0.9900335, 0.9943447, 0.99429053, 0.9987291, 1.0018305, 0.9964415, 0.99111193, 0.9934229, 1.0045748, 1.0026228, 1.0008703, 0.9939531, 0.9958808]","[1.0000798, 0.9923706, 0.9900335, 0.9943447, 0.99429053, 0.9987291, 1.0018305, 0.9964415, 0.99111193, 0.9934229, 1.0045748, 1.0026228, 1.0008703, 0.9939531, 0.9958808]",2.68654728,0.097,1.0376208,1.1757091,milestone-experiments2,benchmark_testing
RAdam,relu,ResNet18,"[nan, nan, nan, nan, nan, nan, nan, nan, nan, nan, nan, nan, nan, nan, nan]","[0.0991, 0.09945, 0.09945, 0.09945, 0.09945, 0.09945, 0.09945, 0.09945, 0.09945, 0.09945, 0.09945, 0.09945, 0.09945, 0.09945, 0.09945]","[nan, nan, nan, nan, nan, nan, nan, nan, nan, nan, nan, nan, nan, nan, nan]","[nan, nan, nan, nan, nan, nan, nan, nan, nan, nan, nan, nan, nan, nan, nan]",nan,0.0976,nan,nan,milestone-experiments2,benchmark_testing
RAdam,selu,ResNet18,"[5.882349604797363, 4.50915866317749, 4.478602935791016, 4.076467123413086, 4.525468650054932, 3.5096784603118896, 3.147557121658325, 2.9725017475128173, 2.9256680084228517, 2.8331053047180177, 2.8239227558135984, 2.8510534084320067, 2.901657946395874, 2.8038099376678467, 2.7590020370483397]","[0.1342, 0.1319, 0.1234, 0.1362, 0.0909, 0.09445, 0.097, 0.1048, 0.1215, 0.10765, 0.0882, 0.08925, 0.09755, 0.14945, 0.1535]","[1.9938332, 3.4482887, 4.1979976, 4.7399416, 5.0390925, 5.685048, 6.179945, 6.4097295, 6.5393724, 6.7560806, 7.007416, 6.9423776, 6.8066397, 7.044944, 7.195264]","[1.9938332, 3.4482887, 4.1979976, 4.7399416, 5.0390925, 5.685048, 6.179945, 6.4097295, 6.5393724, 6.7560806, 7.007416, 6.9423776, 6.8066397, 7.044944, 7.195264]",2.756605354,0.122,4.4003053,58.77711,milestone-experiments2,benchmark_testing
RAdam,tanh,ResNet18,"[7.357780581665039, 6.635464844512939, 5.808808769226074, 4.204700625991821, 3.7207281967163084, 3.352401001739502, 3.090063285827637, 3.003996084976196, 2.924395082092285, 3.3122350440979003, 3.235901605606079, 2.994016847229004, 2.897541954803467, 3.0190130184173585, 3.090254987716675]","[0.10655, 0.1161, 0.13195, 0.12525, 0.134, 0.10385, 0.1122, 0.11195, 0.10555, 0.08765, 0.0766, 0.08585, 0.08315, 0.08195, 0.0807]","[0.74659, 0.848618, 0.8459685, 0.91911983, 0.9353936, 0.9529626, 0.96726346, 0.9720417, 0.976274, 0.958654, 0.96429676, 0.9728631, 0.97666115, 0.9734747, 0.97832966]","[0.74659, 0.848618, 0.8459685, 0.91911983, 0.9353936, 0.9529626, 0.96726346, 0.9720417, 0.976274, 0.958654, 0.96429676, 0.9728631, 0.97666115, 0.9734747, 0.97832966]",2.940090994,0.0854,0.9611111,1.0269219,milestone-experiments2,benchmark_testing
SGD,relu,ResNet18,"[nan, nan, nan, nan, nan, nan, nan, nan, nan, nan, nan, nan, nan, nan, nan]","[0.09945, 0.09945, 0.09945, 0.09945, 0.09945, 0.09945, 0.09945, 0.09945, 0.09945, 0.09945, 0.09945, 0.09945, 0.09945, 0.09945, 0.09945]","[nan, nan, nan, nan, nan, nan, nan, nan, nan, nan, nan, nan, nan, nan, nan]","[nan, nan, nan, nan, nan, nan, nan, nan, nan, nan, nan, nan, nan, nan, nan]",nan,0.0976,nan,nan,milestone-experiments2,benchmark_testing
SGD,selu,ResNet18,"[2.6358885837554933, 2.6422341026306153, 2.6400737060546877, 2.632878803253174, 2.6269796657562257, 2.622296617126465, 2.6281558391571047, 2.6929722839355468, 2.7097704532623292, 2.7320706745147705, 2.7405983810424805, 2.7274293434143067, 2.720543302154541, 2.7133744567871094, 2.7026148918151853]","[0.1562, 0.1499, 0.15365, 0.1619, 0.16445, 0.17175, 0.15805, 0.09465, 0.0871, 0.0683, 0.05415, 0.06105, 0.0664, 0.0762, 0.08135]","[10.106058, 10.094604, 10.112042, 10.138266, 10.126241, 10.087491, 10.123131, 10.356838, 10.4096365, 10.463973, 10.524956, 10.5527, 10.576373, 10.597734, 10.606832]","[10.106058, 10.094604, 10.112042, 10.138266, 10.126241, 10.087491, 10.123131, 10.356838, 10.4096365, 10.463973, 10.524956, 10.5527, 10.576373, 10.597734, 10.606832]",2.672713068,0.0906,4.7579527,75.03769,milestone-experiments2,benchmark_testing
SGD,tanh,ResNet18,"[2.7005941947937013, 2.6990811557769776, 2.6956486026763917, 2.699271879577637, 2.697662461853027, 2.699811420440674, 2.699829945755005, 2.69293769493103, 2.695097043609619, 2.691100998687744, 2.6947912906646727, 2.7045698833465575, 2.6985921852111816, 2.695481121826172, 2.693699521636963]","[0.1002, 0.10005, 0.1007, 0.10015, 0.1, 0.0996, 0.10095, 0.10075, 0.1022, 0.0999, 0.1023, 0.10415, 0.1022, 0.1018, 0.1016]","[1.0045117, 1.0049689, 1.0048769, 1.0054525, 1.0049374, 1.0054122, 1.0050889, 1.0052803, 1.0055248, 1.0045583, 1.003892, 1.0042014, 1.0071371, 1.0067272, 1.0067692]","[1.0045117, 1.0049689, 1.0048769, 1.0054525, 1.0049374, 1.0054122, 1.0050889, 1.0052803, 1.0055248, 1.0045583, 1.003892, 1.0042014, 1.0071371, 1.0067272, 1.0067692]",2.699215483,0.1026,0.92432743,0.9495164,milestone-experiments2,benchmark_testing
